ID de l'utilisateur,Nom d'utilisateur,followed_influenceur,followed_influenceur_count
47226624422,louise.crdn,['hugodecrypte'],1
49709010443,lennabro_,['hugodecrypte'],1
21642516934,sh.adow9475,['hugodecrypte'],1
66113455935,khxdim__khl,['hugodecrypte'],1
50113161507,mahe_rnd02,['hugodecrypte'],1
12387471,fouillenp,['hugodecrypte'],1
65153431127,leeroy.145,['hugodecrypte'],1
22728395218,liv.jcb,['hugodecrypte'],1
66301005928,zkr_berkani,['hugodecrypte'],1
4146382236,anaelle_tcd,['hugodecrypte'],1
66112951944,4lbin_pdm,['hugodecrypte'],1
66328067561,lp2m7384,['hugodecrypte'],1
44852548406,visnujan_31,['hugodecrypte'],1
53130881523,maude.archives,['hugodecrypte'],1
65957476210,eloise.fbl,['hugodecrypte'],1
1456581628,elisa.sax_,['hugodecrypte'],1
65925431042,til_mazz,['hugodecrypte'],1
3404779021,rose_des_sables_20,['hugodecrypte'],1
65233911301,hyp3r_cult,['hugodecrypte'],1
65612446094,acc.7854,['hugodecrypte'],1
65041115589,lola.bsrd08,['hugodecrypte'],1
5718041192,deborahnfono,['hugodecrypte'],1
32953660748,valerie.malherbe,['hugodecrypte'],1
18262750764,jr.lb89,['hugodecrypte'],1
33060270006,touchouni_maha,['hugodecrypte'],1
1782608589,lauraheriteau,['hugodecrypte'],1
50458806280,alexandre2r2m,['hugodecrypte'],1
62252079940,actl.lyon.taiwan,['hugodecrypte'],1
65855256156,samuelchastagnol,['hugodecrypte'],1
1451912217,deborah.kz,['hugodecrypte'],1
60024281924,cu.ayao64,['hugodecrypte'],1
39191087575,im4ri4i,['hugodecrypte'],1
65801287192,sylvie636444,['hugodecrypte'],1
64935061937,crabbypeanut,['hugodecrypte'],1
1601591933,melissa_lafaille,['hugodecrypte'],1
66131431997,ieie415,['hugodecrypte'],1
514137716,aoundalia,['hugodecrypte'],1
62789829408,lou_pxcco,['hugodecrypte'],1
56102117550,solennn_th08,['hugodecrypte'],1
27393319484,sonia_costa_24,['hugodecrypte'],1
65854939365,harengcome,['hugodecrypte'],1
56740297747,jaisupprimer_75019,['hugodecrypte'],1
56781747248,zoe.lorre,['hugodecrypte'],1
44768346353,clemtriathlon2006,['hugodecrypte'],1
57711931191,almiraa74_,['hugodecrypte'],1
2966112811,lennyzbr,['hugodecrypte'],1
1741476996,jibe_jack,['hugodecrypte'],1
54910804320,kleya.rcl,['hugodecrypte'],1
65954100542,noahsailouis,['hugodecrypte'],1
44323742991,cookies_la_chihuahua,['hugodecrypte'],1
9152568409,dylan.fontaine01,['hugodecrypte'],1
1660818289,celia.gfx,['hugodecrypte'],1
62949824678,restolist.marrakech,['hugodecrypte'],1
61184025579,alpaga_qlf,['hugodecrypte'],1
6221336185,camille_plc_,['hugodecrypte'],1
64535052641,lalouloutedu55,['hugodecrypte'],1
31624030630,felix.rvrs,['hugodecrypte'],1
51340843394,vilisinia.b,['hugodecrypte'],1
65613258684,matheo_csta,['hugodecrypte'],1
11560144202,lrayanayarl,['hugodecrypte'],1
66156154421,yildiz_yigit.ali,['hugodecrypte'],1
66352097505,kelly_1902sasu,['hugodecrypte'],1
758752482,guillaume_qmt,['hugodecrypte'],1
50690514256,defnot.lilya,['hugodecrypte'],1
51147551537,marylwdsk_,['hugodecrypte'],1
65151442909,leya.nn00,['hugodecrypte'],1
62657621525,capopxx,['hugodecrypte'],1
5559993754,kebabrea,['hugodecrypte'],1
19716310181,tempo88888,['hugodecrypte'],1
66146262411,david_du_98,['hugodecrypte'],1
35667067241,irizya_,['hugodecrypte'],1
45382665152,mino.lusson,['hugodecrypte'],1
436324818,lenaallison89,['hugodecrypte'],1
66325443825,clem.entftn,['hugodecrypte'],1
48655613328,anae_glx,['hugodecrypte'],1
66493842138,marioon69_,['hugodecrypte'],1
303015984,bonntemps,['hugodecrypte'],1
61936348146,al.maidaa,['hugodecrypte'],1
66360897148,pat_icia10,['hugodecrypte'],1
8046564145,orianecassiot,['hugodecrypte'],1
66290854498,vedat.3493,['hugodecrypte'],1
20775933570,habib.hdj,['hugodecrypte'],1
60119059496,kadiribadreddine,['hugodecrypte'],1
49595988319,ssob_el_oilime,['hugodecrypte'],1
64708549742,carolina_22627,['hugodecrypte'],1
1954119239,juuuuuuuuuuuuuuuu62,['hugodecrypte'],1
65254508129,thomas_druy,['hugodecrypte'],1
66353641257,lorel_ei348,['hugodecrypte'],1
275344419,margootlb,['hugodecrypte'],1
4297831488,paulineleleux,['hugodecrypte'],1
58475426113,ellse.t_1.0,['hugodecrypte'],1
4205493418,soizou.potirond,['hugodecrypte'],1
63342464161,gabriel_brnd15,['hugodecrypte'],1
66495193924,arnlfvre,['hugodecrypte'],1
60043105745,frites_910,['hugodecrypte'],1
4356044996,lauranne.hl,['hugodecrypte'],1
45330946847,antoine.houdelette,['hugodecrypte'],1
65943389557,rhlrp2,['hugodecrypte'],1
65954868158,deirdreoihex0,['hugodecrypte'],1
66137942533,queeniewcptum,['hugodecrypte'],1
29599167897,danethe57,['hugodecrypte'],1
4321503006,aura_mercier,['hugodecrypte'],1
62839182282,lecroissant2pierre,['hugodecrypte'],1
25268277719,yairci7o,['hugodecrypte'],1
66336235033,alex.197s,['hugodecrypte'],1
65976738738,maena_fx,['hugodecrypte'],1
66273654872,sarahfortin_3001,['hugodecrypte'],1
6180695690,alice.cdrc,['hugodecrypte'],1
64173268439,szqprivate,['hugodecrypte'],1
64862162394,alice2792011,['hugodecrypte'],1
66300181901,camcam.hlt,['hugodecrypte'],1
48971705767,lina_bencheniti59,['hugodecrypte'],1
31571746126,juju20_9,['hugodecrypte'],1
66334586955,lerenard169,['hugodecrypte'],1
51776973942,ma_wa208,['hugodecrypte'],1
6253117689,anouck.brlt,['hugodecrypte'],1
63538716246,raphael_leleu,['hugodecrypte'],1
65949380973,charlesslrks,['hugodecrypte'],1
65451610316,sofiavinello.2000,['hugodecrypte'],1
56937582727,ninaaaaaaaa.aaa,['hugodecrypte'],1
62163198078,raphapel57,['hugodecrypte'],1
66289958716,bella_snow085,['hugodecrypte'],1
56856264465,ethan_mlvn,['hugodecrypte'],1
49008072253,mailys_bldc_,['hugodecrypte'],1
66295187846,zorta.7,['hugodecrypte'],1
36555357701,benjamin_jtr5,['hugodecrypte'],1
1390750011,leadagorn,['hugodecrypte'],1
40997269501,arthur.v.i,['hugodecrypte'],1
37606041591,agathe.fillieux,['hugodecrypte'],1
63320019912,mina.bry51,['hugodecrypte'],1
65942709406,gge.rin,['hugodecrypte'],1
65957764466,mrnchecrtrn,['hugodecrypte'],1
52462079886,its_marwx_bdn,['hugodecrypte'],1
3628819412,hyrulos,['hugodecrypte'],1
61815448955,mah_amat_,['hugodecrypte'],1
51958997198,bapt_bob,['hugodecrypte'],1
1660120939,lisadpch,['hugodecrypte'],1
243145291,manon_pugnet,['hugodecrypte'],1
5552774203,vivilou72,['hugodecrypte'],1
65961099704,queeniefnuc6y,['hugodecrypte'],1
34138131692,kseniya_dyomina_27993,['hugodecrypte'],1
65918543038,ena9yjp8o,['hugodecrypte'],1
44466466815,la_bouffe_cest_la_vie.80,['hugodecrypte'],1
66336954199,juliex6sgyh,['hugodecrypte'],1
57422650075,apoxleo,['hugodecrypte'],1
65782542646,blendina.bt,['hugodecrypte'],1
65931974586,shao_jinshi,['hugodecrypte'],1
15470830774,s.guinot1,['hugodecrypte'],1
56563303360,axel__1611,['hugodecrypte'],1
56308583194,auton._,['hugodecrypte'],1
65981210247,kuma11604,['hugodecrypte'],1
54491512247,lilly_06r,['hugodecrypte'],1
8626386829,manonn.bgn,['hugodecrypte'],1
63940450682,satine14,['hugodecrypte'],1
16700403364,tactic___tictac,['hugodecrypte'],1
57245573509,arthur_mrtl,['hugodecrypte'],1
1504294337,tom_citation,['hugodecrypte'],1
53186409591,novh94,['hugodecrypte'],1
62797917401,soan_br56,['hugodecrypte'],1
65929886840,manonzirah,['hugodecrypte'],1
12666024288,svenh06,['hugodecrypte'],1
3094801212,scalouscale,['hugodecrypte'],1
66290262847,adelaidesst,['hugodecrypte'],1
53268148,alexisgodfroy,['hugodecrypte'],1
66262599150,cars.spotter.28,['hugodecrypte'],1
64732176224,zokiz_oka,['hugodecrypte'],1
8374561656,juliette_m47,['hugodecrypte'],1
4337681914,valeriespineli,['hugodecrypte'],1
29131619373,bonhaelle,['hugodecrypte'],1
5826068545,au_couvent,['hugodecrypte'],1
8587119431,zolisaurelle,['hugodecrypte'],1
48526086933,ezico_mo,['hugodecrypte'],1
31971201622,insaf_1810,['hugodecrypte'],1
51139726185,clara.bkln,['hugodecrypte'],1
66483098996,festival.rockalouest69,['hugodecrypte'],1
47331401965,7mls.a,['hugodecrypte'],1
24973329,marionmb,['hugodecrypte'],1
66317164555,photographe182024,['hugodecrypte'],1
301941841,wilsonfernandofreitas,['hugodecrypte'],1
58599856383,alicedtll,['hugodecrypte'],1
65958260254,cyrillus187,['hugodecrypte'],1
64380317208,leo224748,['hugodecrypte'],1
50975449899,mossycobblest0ne_,['hugodecrypte'],1
280046144,bncoffee,['hugodecrypte'],1
58606661402,philippe_schnider,['hugodecrypte'],1
44435036588,sll.leon,['hugodecrypte'],1
65949189144,tolek1231,['hugodecrypte'],1
66362288843,louise_dpd29,['hugodecrypte'],1
66305901333,lealea2322,['hugodecrypte'],1
65944709399,l_oeuf_kinder,['hugodecrypte'],1
66340706459,ajyjaguatuatiq,['hugodecrypte'],1
200657520,mnrobert,['hugodecrypte'],1
1153877432,martinccde,['hugodecrypte'],1
1510522956,mohamed_lhoussain_lahbib,['hugodecrypte'],1
61264951116,suzanneismaella,['hugodecrypte'],1
66245857356,ythan.lf,['hugodecrypte'],1
66344449869,theap_enache,['hugodecrypte'],1
10423624003,chachou_db,['hugodecrypte'],1
19588954437,nesouchvs,['hugodecrypte'],1
33850339867,rousseau_celeste,['hugodecrypte'],1
235987848,raybenamour,['hugodecrypte'],1
66504193133,adam28212003,['hugodecrypte'],1
61305294540,jules_htn30,['hugodecrypte'],1
65969241871,zebulon_climbing,['hugodecrypte'],1
1240883002,gwenguilcher,['hugodecrypte'],1
8935959471,isrrcm212,['hugodecrypte'],1
65176026839,elisa.lspr,['hugodecrypte'],1
58674059659,oceane.lb78,['hugodecrypte'],1
43894578348,lyugoetsuhpq,['hugodecrypte'],1
65971970996,labny5,['hugodecrypte'],1
53582523816,lothaire_burtin,['hugodecrypte'],1
65926174977,mdhashem871,['hugodecrypte'],1
21296738728,_lenamre,['hugodecrypte'],1
6936202770,melanielurvois,['hugodecrypte'],1
61201244066,sahra_kyl38,['hugodecrypte'],1
66032163766,elohello.s,['hugodecrypte'],1
250544629,kloay,['hugodecrypte'],1
66325163807,lysia._.03,['hugodecrypte'],1
1434002442,marinexyb_,['hugodecrypte'],1
66013495459,sarita_sarou17,['hugodecrypte'],1
62716510575,romane.berse,['hugodecrypte'],1
38955505269,ici.cathia,['hugodecrypte'],1
1713756148,louuis.b,['hugodecrypte'],1
59706801657,sawz418,['hugodecrypte'],1
6019498741,quezel_antoine,['hugodecrypte'],1
66110126528,ha.lison,['hugodecrypte'],1
54266687684,pauline.p.r.s,['hugodecrypte'],1
38533801691,melyssa.tml,['hugodecrypte'],1
18502495302,fosskoni,['hugodecrypte'],1
343216162,arnaudcallendret,['hugodecrypte'],1
66108918288,julianadasil12,['hugodecrypte'],1
23901385790,just.ine_lrx,['hugodecrypte'],1
37363658201,colin_vtb,['hugodecrypte'],1
57885280039,yasminebkii,['hugodecrypte'],1
66302021546,madking_jr,['hugodecrypte'],1
44188159040,c9_t1_1,['hugodecrypte'],1
8641757576,mamini68,['hugodecrypte'],1
59702803041,illia_off1,['hugodecrypte'],1
65179562558,chocolaterie699,['hugodecrypte'],1
58251605044,lucas.supermot,['hugodecrypte'],1
1620324345,victoria_tserstevens,['hugodecrypte'],1
60484735687,gillot_pierre,['hugodecrypte'],1
54553049998,ines.ag_6,['hugodecrypte'],1
7613905447,soohyunkm,['hugodecrypte'],1
66298941899,clem_lpr1,['hugodecrypte'],1
54975669155,wendy_fanfic_,['hugodecrypte'],1
61543800790,elmehdi_arif,['hugodecrypte'],1
62239092951,_jade_bkt_,['hugodecrypte'],1
47348622867,pauline_jnk,['hugodecrypte'],1
66295222240,hydrox_trkl,['hugodecrypte'],1
64588174424,alicia123_rmn,['hugodecrypte'],1
66289262691,sou19_08,['hugodecrypte'],1
1934842773,raphael.persee,['hugodecrypte'],1
1538876822,leah_sls,['hugodecrypte'],1
66296718115,jeff_33501,['hugodecrypte'],1
16097591359,hvbib__,['hugodecrypte'],1
59873347344,linaa_detp13,['hugodecrypte'],1
66278327509,pepe.gms4,['hugodecrypte'],1
52154061362,laurentmerle.bgood,['hugodecrypte'],1
65980922254,clem.2523,['hugodecrypte'],1
2270004999,dimitrilp22,['hugodecrypte'],1
46759592715,marie.czlee,['hugodecrypte'],1
3410611426,etiennecharbonnier,['hugodecrypte'],1
64093899010,jade_malo,['hugodecrypte'],1
4096421477,schottvictor,['hugodecrypte'],1
58011662128,anna_eeat,['hugodecrypte'],1
27537069717,lulu.dmc,['hugodecrypte'],1
1423303590,matthisheudes,['hugodecrypte'],1
66329443346,nad_rawing,['hugodecrypte'],1
41209204806,ludmilla_hnqz,['hugodecrypte'],1
46432776911,laurencegmml,['hugodecrypte'],1
65948373349,enzoo_041,['hugodecrypte'],1
1029518062,chloe_braaal,['hugodecrypte'],1
65974978834,charlizr_sd,['hugodecrypte'],1
5946502597,moustaphaidh,['hugodecrypte'],1
22130972080,alexissonbae,['hugodecrypte'],1
215407666,_medhaddadi,['hugodecrypte'],1
32066554666,sophierevellin,['hugodecrypte'],1
64246364563,maxo.u72,['hugodecrypte'],1
12063588153,labaobou,['hugodecrypte'],1
58807695131,_anatol__03,['hugodecrypte'],1
40595785458,lhana.18,['hugodecrypte'],1
2135748851,clementinesgnr,['hugodecrypte'],1
57707084231,imnotnada_pvv,['hugodecrypte'],1
53828953197,ancelme_dnst,['hugodecrypte'],1
66482275036,s_nk5_,['hugodecrypte'],1
48745331335,condeofficiel224,['hugodecrypte'],1
66140102730,satorugojo_86,['hugodecrypte'],1
50302122420,matpk03,['hugodecrypte'],1
66326011556,christinamalone4782,['hugodecrypte'],1
1524117052,chris_lnr21,['hugodecrypte'],1
33685847544,ladisflo,['hugodecrypte'],1
51516798951,brc.pauline,['hugodecrypte'],1
66340178503,esteban_.rmz,['hugodecrypte'],1
66487914587,dln.93100,['hugodecrypte'],1
50180580655,adeledogniaux_,['hugodecrypte'],1
62270322801,_vadim974,['hugodecrypte'],1
19244893404,locevents66,['hugodecrypte'],1
1362898200,nicolas_ksk,['hugodecrypte'],1
62758024383,yse_dtc,['hugodecrypte'],1
66281526483,wens.arah,['hugodecrypte'],1
65951500964,elena_solidez_,['hugodecrypte'],1
60509929190,yapaf_oto,['hugodecrypte'],1
40175789304,17_lucie_17,['hugodecrypte'],1
59840787350,yolo.amie,['hugodecrypte'],1
66310516031,abigailstonesdiary,['hugodecrypte'],1
1370489050,marouane_boukroute,['hugodecrypte'],1
59547566723,nya.a99,['hugodecrypte'],1
33753260353,amirchekaraou,['hugodecrypte'],1
58671070472,prithi_ollv,['hugodecrypte'],1
54021146703,rominus_xiiv,['hugodecrypte'],1
930061119,juan.ocazionez,['hugodecrypte'],1
51580771439,_pauline.jean,['hugodecrypte'],1
4848032847,mathisottenheimer,['hugodecrypte'],1
66370176059,loyc_54,['hugodecrypte'],1
4715219236,_4gld.ne,['hugodecrypte'],1
53550867481,lea_benichou_,['hugodecrypte'],1
34474114980,pcrjulien,['hugodecrypte'],1
13617000215,boutmini,['hugodecrypte'],1
65963267742,user0140147,['hugodecrypte'],1
60148475707,m._.mrno,['hugodecrypte'],1
8577988261,9avlpx,['hugodecrypte'],1
65962586982,nsnr.90,['hugodecrypte'],1
2108236596,gabgmarques,['hugodecrypte'],1
65901593016,fallon004,['hugodecrypte'],1
60006870937,yann_14036,['hugodecrypte'],1
62997020066,n69.17,['hugodecrypte'],1
66299685850,sarah._clet._,['hugodecrypte'],1
33969017270,selmaa.ak92,['hugodecrypte'],1
63312844163,dvlloris,['hugodecrypte'],1
2419595495,ktrin_mr,['hugodecrypte'],1
1714275216,meltingco,['hugodecrypte'],1
2973689208,lliiloou,['hugodecrypte'],1
62735464749,aime.3041,['hugodecrypte'],1
47646553871,mathisclement_parabad,['hugodecrypte'],1
65955972482,jffyjkoifd,['hugodecrypte'],1
65122363371,lounavuarand,['hugodecrypte'],1
65953884653,huges___,['hugodecrypte'],1
66297557880,blondiautracy,['hugodecrypte'],1
44457123698,nar__jisss,['hugodecrypte'],1
15468655639,falconkepler,['hugodecrypte'],1
6938932600,llea.fchs,['hugodecrypte'],1
11353440316,ladr_ord,['hugodecrypte'],1
4136242477,valerie_petit_lesage,['hugodecrypte'],1
296376070,29florine,['hugodecrypte'],1
65948541105,mwydqzaz0,['hugodecrypte'],1
50696196665,chaarlotte_07,['hugodecrypte'],1
58007026013,5031.idk,['hugodecrypte'],1
45183739405,marius.mty22,['hugodecrypte'],1
60808807147,tokobetsyu_,['hugodecrypte'],1
11632686310,aux_fleursdufaubourg,['hugodecrypte'],1
35894601769,leane_ggn,['hugodecrypte'],1
65940877677,naoufal.sir,['hugodecrypte'],1
46003819358,j.sprz,['hugodecrypte'],1
17425942622,_alex.olvr_,['hugodecrypte'],1
53937951448,gagathe02,['hugodecrypte'],1
1622622730,peio_aramburu,['hugodecrypte'],1
64055881526,clngab33,['hugodecrypte'],1
66345041897,berbess.albane,['hugodecrypte'],1
66307796130,ana_ghty,['hugodecrypte'],1
52884492241,abercomb85,['hugodecrypte'],1
10202344086,teo.pratcoye,['hugodecrypte'],1
57547900727,l_tk65,['hugodecrypte'],1
61718434205,j_ducasse_tisne,['hugodecrypte'],1
49032078962,mel__sds_,['hugodecrypte'],1
66296765801,claire.j25,['hugodecrypte'],1
66078303686,cyrian_.blc,['hugodecrypte'],1
15283420778,florine_3034,['hugodecrypte'],1
55241574494,angelica.66_,['hugodecrypte'],1
23690690862,_helene_bel,['hugodecrypte'],1
65576387069,paul_sf08,['hugodecrypte'],1
65967179321,team_totally_spices,['hugodecrypte'],1
1372039680,louisedttre,['hugodecrypte'],1
49153101843,julia_et_les_pies,['hugodecrypte'],1
66494537056,rbdz9.4_clr,['hugodecrypte'],1
11920902663,sophiesosoph,['hugodecrypte'],1
66483858957,dhfffdgdjdfkjfjf,['hugodecrypte'],1
43870205440,jmnibul,['hugodecrypte'],1
65942629745,corentin.erdn,['hugodecrypte'],1
7827793855,vandamethomas,['hugodecrypte'],1
33919601221,fremiselli,['hugodecrypte'],1
37613483862,temarii_perehani,['hugodecrypte'],1
59118135841,louis_lck67,['hugodecrypte'],1
2171648173,jenny.hld,['hugodecrypte'],1
52224193870,linn.nr,['hugodecrypte'],1
2202592026,mmigo444,['hugodecrypte'],1
65895343051,paatriciaaa_priv,['hugodecrypte'],1
65321131469,venez_parlez_mp,['hugodecrypte'],1
46681320702,domaineduchateaudesloups,['hugodecrypte'],1
63664448921,emilydu.78,['hugodecrypte'],1
60967217448,aaronlouis66,['hugodecrypte'],1
66349041621,cassidysgnr,['hugodecrypte'],1
270713000,lau.dzn,['hugodecrypte'],1
21662648616,nox._1606,['hugodecrypte'],1
8128272122,tiph.jx,['hugodecrypte'],1
66305277366,_gautier_joffrey_,['hugodecrypte'],1
66250406838,ilovenezuko9,['hugodecrypte'],1
242857384,neeko974,['hugodecrypte'],1
31948574129,sarah_etr,['hugodecrypte'],1
66357337167,tanti0200,['hugodecrypte'],1
65926239082,gozaki42,['hugodecrypte'],1
3624965716,paulineperezgaliano,['hugodecrypte'],1
4169973032,saiphilo,['hugodecrypte'],1
2085875692,pich_tibpsnr,['hugodecrypte'],1
1768968807,nadra_achour,['hugodecrypte'],1
65585486672,mercuri1275,['hugodecrypte'],1
66140198961,alex_lrt.09,['hugodecrypte'],1
55635595134,daaavvvii,['hugodecrypte'],1
53945855223,charlitterature,['hugodecrypte'],1
61262899677,val_gott_,['hugodecrypte'],1
66289126602,zyto.ba,['hugodecrypte'],1
57395978118,anaisbertin2023,['hugodecrypte'],1
64049646300,loriane_generali,['hugodecrypte'],1
49649223577,cxkl1a,['hugodecrypte'],1
65923355026,alex.hnn59,['hugodecrypte'],1
48824307865,lou.bbrs,['hugodecrypte'],1
994320580,tomttomh,['hugodecrypte'],1
968402977,robpnt,['hugodecrypte'],1
52562995181,furybulle31,['hugodecrypte'],1
44715087177,lolo21.111,['hugodecrypte'],1
64155881618,nancy.ribeiro27,['hugodecrypte'],1
23451032329,lorevalie,['hugodecrypte'],1
530019242,romane_dub,['hugodecrypte'],1
58745026399,antoine28679,['hugodecrypte'],1
61140772940,keilly763,['hugodecrypte'],1
45637506594,__taiinaaa__,['hugodecrypte'],1
56323972633,mathis6244,['hugodecrypte'],1
59952963566,shirel_db,['hugodecrypte'],1
951570751,viic_mrtnz,['hugodecrypte'],1
12372506125,noelia.pdj,['hugodecrypte'],1
62211616971,alice.l354,['hugodecrypte'],1
65976417264,k4tell_e,['hugodecrypte'],1
66091253624,adm.elo92,['hugodecrypte'],1
66367424118,l0la.prv.__,['hugodecrypte'],1
6279514787,st216_,['hugodecrypte'],1
61026601463,ja_2.pd,['hugodecrypte'],1
49291716988,pauline____rb__,['hugodecrypte'],1
66292085032,rose.gngl,['hugodecrypte'],1
65710094249,amineamj2,['hugodecrypte'],1
1435139978,arfega_mr,['hugodecrypte'],1
183236059,johannaboulesy,['hugodecrypte'],1
62971092036,v.dks6,['hugodecrypte'],1
65920111821,isagui446,['hugodecrypte'],1
28480639381,doryisland,['hugodecrypte'],1
35523279808,jeremy_hrs,['hugodecrypte'],1
66514944075,erwann_1zs,['hugodecrypte'],1
66149669662,lss.vrg,['hugodecrypte'],1
66078222373,ev.dgn,['hugodecrypte'],1
8402763674,dim_drd,['hugodecrypte'],1
59388352911,l_e_a_d_e_r_1,['hugodecrypte'],1
2107046251,athene.bee,['hugodecrypte'],1
16269744204,assia_bnrr,['hugodecrypte'],1
66135391477,noelecacheux,['hugodecrypte'],1
66289366826,summerbrw,['hugodecrypte'],1
50859620885,ashimitdraws,['hugodecrypte'],1
66324219822,anne.alxd,['hugodecrypte'],1
66290390748,sandrinedubus59,['hugodecrypte'],1
66483770878,ayaa.maroc2122,['hugodecrypte'],1
65925455057,lucie.rctz,['hugodecrypte'],1
64250048061,stell_an2004,['hugodecrypte'],1
64429775641,baptiste.crbl6,['hugodecrypte'],1
66514168176,user46788643237,['hugodecrypte'],1
57446932580,luciee_lam,['hugodecrypte'],1
58335250844,nolwennlef,['hugodecrypte'],1
66154395280,lina_abrit,['hugodecrypte'],1
65935206162,jnr___________________________,['hugodecrypte'],1
7781253937,is___mel,['hugodecrypte'],1
314409617,brunoalaux,['hugodecrypte'],1
303344458,nizar.abdessaied,['hugodecrypte'],1
65949052988,shigongzhouzhou,['hugodecrypte'],1
6066406683,sofrnd,['hugodecrypte'],1
61928990940,e_lodie08,['hugodecrypte'],1
57190620134,mariejosebilly,['hugodecrypte'],1
66295854185,esther.bcg,['hugodecrypte'],1
62955221119,mael_111111111111,['hugodecrypte'],1
66289870707,malo__2010,['hugodecrypte'],1
239054580,cecile.lrte,['hugodecrypte'],1
2894320330,benjiimrn,['hugodecrypte'],1
65961907814,elisa_thtt,['hugodecrypte'],1
66319508192,fr4_p1rr3e,['hugodecrypte'],1
65961283912,selma.thd,['hugodecrypte'],1
66155867114,rafa_fa68,['hugodecrypte'],1
46346565799,lulu.20003,['hugodecrypte'],1
65894187849,lulu_graff42,['hugodecrypte'],1
55364361577,ti_kassim,['hugodecrypte'],1
62369392213,maelys_2bbb,['hugodecrypte'],1
53946687356,thomasmigliorero,['hugodecrypte'],1
3476003203,sorayasenoussi,['hugodecrypte'],1
19082310828,_louane_etl_,['hugodecrypte'],1
65558304518,xyd_69.x,['hugodecrypte'],1
61560241288,laylagaara,['hugodecrypte'],1
62300618835,cloclo072023,['hugodecrypte'],1
46007857268,lucile.rcb,['hugodecrypte'],1
66507488759,severine.jacquelh,['hugodecrypte'],1
44669650105,bambi.anl,['hugodecrypte'],1
26429725647,marieselis_,['hugodecrypte'],1
66141903076,arthu_rlond,['hugodecrypte'],1
49622022389,emmaa.lollier,['hugodecrypte'],1
62266341985,i.josselin0,['hugodecrypte'],1
66280047824,lara_byanca84,['hugodecrypte'],1
60736928030,beyza.ozbb,['hugodecrypte'],1
48747758763,armelle.btl,['hugodecrypte'],1
65970747211,enzo.afq,['hugodecrypte'],1
4918103485,lola.t39,['hugodecrypte'],1
66331027180,emmalesly3,['hugodecrypte'],1
65983218351,teamgeek2024,['hugodecrypte'],1
66484033631,youssef.elhajjioui5,['hugodecrypte'],1
58238722896,amna_ajr,['hugodecrypte'],1
55421342942,mariechristine_savonitti,['hugodecrypte'],1
66135887326,mrjdh32,['hugodecrypte'],1
4525642105,thomjuv,['hugodecrypte'],1
364929945,julietteclnm,['hugodecrypte'],1
2230297351,_theahnt_,['hugodecrypte'],1
46411188738,mauriziogozzano,['hugodecrypte'],1
57764789657,jeanne.rxel,['hugodecrypte'],1
485107642,emmanuel.guedj,['hugodecrypte'],1
61258025951,ju_bdls,['hugodecrypte'],1
4659942422,dr_emmanuelle_royer,['hugodecrypte'],1
1238131096,cfenestraz,['hugodecrypte'],1
61347400699,krzzzz_zgh,['hugodecrypte'],1
375307802,isulanima,['hugodecrypte'],1
522083185,marcmayson,['hugodecrypte'],1
11583098544,caroline.andre.9210,['hugodecrypte'],1
3226081889,benegisb,['hugodecrypte'],1
39476978461,gaeladenis9,['hugodecrypte'],1
24242182274,vic_90909,['hugodecrypte'],1
32526835693,mrnmichau,['hugodecrypte'],1
2061496274,fabrice_dol,['hugodecrypte'],1
36277275606,fc_chartier,['hugodecrypte'],1
6743454489,bea_mcalista,['hugodecrypte'],1
65930582993,cerallye_,['hugodecrypte'],1
18193058984,mathilda_8672,['hugodecrypte'],1
1398527111,ferdaa.ttz,['hugodecrypte'],1
63870481295,allane_uchiwa,['hugodecrypte'],1
51499790,titou88,['hugodecrypte'],1
5374004772,treinspatch,['hugodecrypte'],1
173752079,bauerthenot,['hugodecrypte'],1
52800892781,jolyeleaa,['hugodecrypte'],1
1146446989,mdxx6,['hugodecrypte'],1
270666764,heekss,['hugodecrypte'],1
64627191679,antoinekambalamk,['hugodecrypte'],1
64155035714,dawson_derian,['hugodecrypte'],1
11708989616,cecilia_tp_,['hugodecrypte'],1
10726665021,antoine__.ly,['hugodecrypte'],1
32018074463,dusudthierry,['hugodecrypte'],1
66516832471,ninatrote,['hugodecrypte'],1
66482595305,laralss982,['hugodecrypte'],1
11119249447,lise_escp,['hugodecrypte'],1
49357149966,morgane_rsc,['hugodecrypte'],1
24098188,meisgrau,['hugodecrypte'],1
59011271633,clarapaisin,['hugodecrypte'],1
53978903333,septcinq9,['hugodecrypte'],1
61250346298,rose_dpt5,['hugodecrypte'],1
18516917808,amdcms,['hugodecrypte'],1
62132051638,_n_a_t_m_a_n_,['hugodecrypte'],1
66285847543,jules.bouffard,['hugodecrypte'],1
66511536884,hfjf43329,['hugodecrypte'],1
56600248434,kt_realacct.1,['hugodecrypte'],1
65948709411,fiinz.easy.finance,['hugodecrypte'],1
5898065708,maisondecarina,['hugodecrypte'],1
44746064809,orfeas.ppg,['hugodecrypte'],1
65898285975,isma32300,['hugodecrypte'],1
65603782025,riiikadesantos,['hugodecrypte'],1
65981066589,jemiradjengo,['hugodecrypte'],1
65983946570,kanza_90z,['hugodecrypte'],1
35329377835,_vincent_rd_abril_,['hugodecrypte'],1
66511056907,leap.vr7,['hugodecrypte'],1
51636354991,emxeleaa,['hugodecrypte'],1
57654327828,food_trucks_festival86,['hugodecrypte'],1
8071618194,lise_fa,['hugodecrypte'],1
5750298596,sihame_slk,['hugodecrypte'],1
2909938769,christeleberthelot,['hugodecrypte'],1
6956191230,alixrdpv_,['hugodecrypte'],1
36025307350,fantine.lgls,['hugodecrypte'],1
22193014541,ibr.adamm,['hugodecrypte'],1
66498858104,najlaakach,['hugodecrypte'],1
27917526377,camille.rta,['hugodecrypte'],1
66487794938,lolo_masile,['hugodecrypte'],1
59336066444,frost4dx,['hugodecrypte'],1
66245164721,user28031604,['hugodecrypte'],1
66160178470,titouan1254,['hugodecrypte'],1
44647445088,rcm.ne,['hugodecrypte'],1
60789278532,anais_ppt3,['hugodecrypte'],1
61586889942,mariiiiiiiiiiiiieeeeeeee,['hugodecrypte'],1
57884036947,anya_jsm,['hugodecrypte'],1
9178302993,ancabarbuceanu,['hugodecrypte'],1
66508841086,delmercus64,['hugodecrypte'],1
1959467249,bogart_aryumi,['hugodecrypte'],1
1075564373,rivetcla,['hugodecrypte'],1
65499715384,hippodizello,['hugodecrypte'],1
60275081190,joana_6481,['hugodecrypte'],1
9899516278,marie_manach,['hugodecrypte'],1
21254741221,amaury_dpnt,['hugodecrypte'],1
5808475757,deborah_sieradzki,['hugodecrypte'],1
65964428142,ilona_pln,['hugodecrypte'],1
66282301032,moumen.fadoua,['hugodecrypte'],1
58707810004,lyam__tls,['hugodecrypte'],1
65976715129,clara_bly07,['hugodecrypte'],1
1657496911,melyna11_00,['hugodecrypte'],1
65983946554,catherinebourina,['hugodecrypte'],1
54052572686,camille.le2411,['hugodecrypte'],1
36994424089,sheh.ra,['hugodecrypte'],1
47286100425,julien.soupx,['hugodecrypte'],1
60857327891,guibouta,['hugodecrypte'],1
66300022150,firestorm5684,['hugodecrypte'],1
66491634627,hoxax49157,['hugodecrypte'],1
5931388373,sb_3th,['hugodecrypte'],1
60962042160,katy.matsak.heinrich,['hugodecrypte'],1
65661239598,racha.khadraoui,['hugodecrypte'],1
66327011912,h.ddz9o,['hugodecrypte'],1
59702401337,msc.antibes,['hugodecrypte'],1
47485781292,lisadcht09,['hugodecrypte'],1
66364304926,jsp90567,['hugodecrypte'],1
49113673806,n.ghina05,['hugodecrypte'],1
8526687982,lenaamts_,['hugodecrypte'],1
61989425350,alc00lik,['hugodecrypte'],1
55157220231,bbyeleaa,['hugodecrypte'],1
45672513250,sara.dmps,['hugodecrypte'],1
45395612726,anabel.djt,['hugodecrypte'],1
65906298687,duamdesbois,['hugodecrypte'],1
64035601734,inchbouddah,['hugodecrypte'],1
56837285109,jchevill,['hugodecrypte'],1
66346370380,morg.ane5995,['hugodecrypte'],1
54992157395,czb_world,['hugodecrypte'],1
65941117874,anthonin.rd,['hugodecrypte'],1
61375137796,idk.lc,['hugodecrypte'],1
18179028134,lili_lbkcm,['hugodecrypte'],1
41597611557,paul_frkl,['hugodecrypte'],1
6509741600,toivoa16,['hugodecrypte'],1
66370352474,montaine.mgl,['hugodecrypte'],1
66296334085,jvousavaisditquoiii,['hugodecrypte'],1
65982354561,leoniehaas06,['hugodecrypte'],1
61823403035,jules_ml2,['hugodecrypte'],1
51604829590,_yuji_itadori_93,['hugodecrypte'],1
8382945483,pauline.lryy,['hugodecrypte'],1
21446534004,lau_pell74,['hugodecrypte'],1
63265628952,smartk235,['hugodecrypte'],1
45507338217,lyaaaaaammmm,['hugodecrypte'],1
31564014825,rebel_like_a_girl,['hugodecrypte'],1
54245504790,cisseboubakr,['hugodecrypte'],1
51194191817,shanoff_74,['hugodecrypte'],1
1202530709,jadelndr,['hugodecrypte'],1
66369600384,ass.yaa5,['hugodecrypte'],1
66141447258,hugo.caron.somat,['hugodecrypte'],1
30371549327,sanara5plus,['hugodecrypte'],1
2403194718,dllo_mariame,['hugodecrypte'],1
5800813847,yvonneboudou,['hugodecrypte'],1
59114698724,m_j_decoration30,['hugodecrypte'],1
63925669194,antoine_martinezl,['hugodecrypte'],1
55044317925,cs10u,['hugodecrypte'],1
65935294648,assiadoube,['hugodecrypte'],1
66144726749,ophelie_lssg,['hugodecrypte'],1
57628906041,sagerdo_mutsuva,['hugodecrypte'],1
66302309969,leartg55,['hugodecrypte'],1
66313165031,antonio.delphin,['hugodecrypte'],1
65961187736,sama.neh3280,['hugodecrypte'],1
63901252344,lory.13.11.09,['hugodecrypte'],1
49768567978,loupzzzzz,['hugodecrypte'],1
40992842216,_kim_umma,['hugodecrypte'],1
66311373251,matmat_dess,['hugodecrypte'],1
60800855162,s__ines__,['hugodecrypte'],1
61213844919,nina.en_prvv,['hugodecrypte'],1
22479705094,nolan_wns,['hugodecrypte'],1
63097158404,chiara.mrel,['hugodecrypte'],1
59858931380,metzo8175,['hugodecrypte'],1
66285182176,strawbgrlll,['hugodecrypte'],1
65967746558,aest.heticfrance,['hugodecrypte'],1
66345745815,ce_bct,['hugodecrypte'],1
368108947,tommdsk,['hugodecrypte'],1
49062520403,jeanne_moret.09,['hugodecrypte'],1
244353670,smehoranka,['hugodecrypte'],1
66281279971,jade.rncr,['hugodecrypte'],1
40491762277,islm.ozv,['hugodecrypte'],1
59760737609,lexa0871,['hugodecrypte'],1
47961681256,hugo._stph,['hugodecrypte'],1
1557463092,baptiste.fsn,['hugodecrypte'],1
64272793413,r.berthelot1212,['hugodecrypte'],1
3444268299,laurecarrere_,['hugodecrypte'],1
59573268885,11n_64,['hugodecrypte'],1
66362440992,ania_prz_,['hugodecrypte'],1
58507925896,pe.rle674,['hugodecrypte'],1
6092242013,clara_mcrz,['hugodecrypte'],1
66138863243,ctozix378o,['hugodecrypte'],1
65975099331,vic_t0r10,['hugodecrypte'],1
7897767494,clem2frts,['hugodecrypte'],1
65851488784,kinenyms_,['hugodecrypte'],1
61460750241,dal_iln,['hugodecrypte'],1
65975851144,s.dz9o,['hugodecrypte'],1
54270298568,charly__stc,['hugodecrypte'],1
61269416915,_anayahmoon_,['hugodecrypte'],1
45987073258,ap0ll__ine,['hugodecrypte'],1
8134605396,alex__les,['hugodecrypte'],1
50682911318,m_le.roy,['hugodecrypte'],1
63035499719,mosohh_,['hugodecrypte'],1
66338275040,leo_nard_prvv,['hugodecrypte'],1
54975868023,rabyexpresss,['hugodecrypte'],1
57635395618,mailys328,['hugodecrypte'],1
44358213667,eliserecchia,['hugodecrypte'],1
65778898163,na_hla3536,['hugodecrypte'],1
65148720846,ili_59890,['hugodecrypte'],1
56231020057,avbxel,['hugodecrypte'],1
180510989,palounne,['hugodecrypte'],1
45308263299,gaspardferrand,['hugodecrypte'],1
1556014748,yujinhxoxo,['hugodecrypte'],1
62437600395,selim_oy1,['hugodecrypte'],1
13503565069,melloodiee,['hugodecrypte'],1
66163368135,mradybazmhmd4,['hugodecrypte'],1
50819202798,vivi.superpv,['hugodecrypte'],1
7752712340,ana_dsrr,['hugodecrypte'],1
66348929864,romane.mngr,['hugodecrypte'],1
63564801817,adele.blh1,['hugodecrypte'],1
34191427225,dkhadrane,['hugodecrypte'],1
66305029625,l.lena692,['hugodecrypte'],1
62167212908,styleboom22,['hugodecrypte'],1
8176824194,cyril_gdl,['hugodecrypte'],1
65714183891,defrancoismathys,['hugodecrypte'],1
35906622574,patricia_06_01,['hugodecrypte'],1
48852768640,miguel_dmr_cr,['hugodecrypte'],1
66488050769,amdionly,['hugodecrypte'],1
1277041813,be_taeleeful,['hugodecrypte'],1
66307237551,radio_marguya,['hugodecrypte'],1
62025122412,logoffonoffon,['hugodecrypte'],1
5616097076,eloheyy,['hugodecrypte'],1
65105454415,chloe_stalin76,['hugodecrypte'],1
66314924746,simon.dcg,['hugodecrypte'],1
59116126194,soso147675,['hugodecrypte'],1
309954578,fausthaa__,['hugodecrypte'],1
55920835673,elisa_mclt,['hugodecrypte'],1
1915389151,louismeis,['hugodecrypte'],1
66287023379,matheo.plt42,['hugodecrypte'],1
1640093180,mal_koma,['hugodecrypte'],1
65969971477,flocambc,['hugodecrypte'],1
43641406235,mrvesaglam__,['hugodecrypte'],1
56454613716,maysan.b23,['hugodecrypte'],1
60316978010,melissa_srn0,['hugodecrypte'],1
66370352286,gilletparball,['hugodecrypte'],1
61328443377,yourfavoriteuser123,['hugodecrypte'],1
65954978492,lynn_m.ange,['hugodecrypte'],1
61088802570,jan.is38,['hugodecrypte'],1
45163446805,yas41sine,['hugodecrypte'],1
66246480404,martindirringer,['hugodecrypte'],1
62729207651,librairielelivrelibre,['hugodecrypte'],1
66145950586,jstxx_t,['hugodecrypte'],1
3527242470,lairoye89,['hugodecrypte'],1
66147529838,mrn_gersende,['hugodecrypte'],1
38548545688,esteb.plm,['hugodecrypte'],1
63608909168,thecarguy2011,['hugodecrypte'],1
57201152835,anais_31111,['hugodecrypte'],1
23916618,berger_ju,['hugodecrypte'],1
66158362320,maelle.jad,['hugodecrypte'],1
4842525671,lea_deg__,['hugodecrypte'],1
985420900,ines_drf,['hugodecrypte'],1
6021534377,boubouglory,['hugodecrypte'],1
1381587840,aminekasmi,['hugodecrypte'],1
65854908763,celi_nette2024,['hugodecrypte'],1
61512264023,timeofcm,['hugodecrypte'],1
64721611283,lena___au,['hugodecrypte'],1
53742022087,severinedonius,['hugodecrypte'],1
3271888422,ag_clrd,['hugodecrypte'],1
66296182555,ademouuu2,['hugodecrypte'],1
66489890736,thomasjvlle,['hugodecrypte'],1
65983938620,inessss.1111,['hugodecrypte'],1
11331916830,flojaouen,['hugodecrypte'],1
56839560083,frederiqueguillot03,['hugodecrypte'],1
66354833357,oliveee3661,['hugodecrypte'],1
19694652589,imad_freestyle,['hugodecrypte'],1
66093756351,romaneblr.23,['hugodecrypte'],1
4260549245,marlysemartinel,['hugodecrypte'],1
54752379718,karenhureaux,['hugodecrypte'],1
64684706861,montach182,['hugodecrypte'],1
47368850637,emmy_spz,['hugodecrypte'],1
48622073744,dams_gllr,['hugodecrypte'],1
57272291114,tamihaa_,['hugodecrypte'],1
47487692828,marie.pelloux.3,['hugodecrypte'],1
66331939613,cathk_im,['hugodecrypte'],1
59240467913,mohammadakbar4877,['hugodecrypte'],1
64502838036,gotsilverleretour,['hugodecrypte'],1
1536884438,clement_trinquesse,['hugodecrypte'],1
3655272092,rickydavinci,['hugodecrypte'],1
66369072518,667.y.s,['hugodecrypte'],1
1634146158,tessrgmitchell,['hugodecrypte'],1
66146894756,vendre_cigarette.69,['hugodecrypte'],1
53562180666,philippine_pldz,['hugodecrypte'],1
7445969737,tiag0.adx,['hugodecrypte'],1
66315764916,shamm4284,['hugodecrypte'],1
2069175931,popo35400,['hugodecrypte'],1
66067830650,tbcommunication__,['hugodecrypte'],1
64708040312,loubna.adrnt,['hugodecrypte'],1
66154052947,lululeplo67,['hugodecrypte'],1
63961269639,raid.ozl,['hugodecrypte'],1
54167938897,florenceperrussel,['hugodecrypte'],1
320644797,damolitoy,['hugodecrypte'],1
65983146642,clement.lgllx.prv,['hugodecrypte'],1
66161832975,hypnotherapie_laurore,['hugodecrypte'],1
20923726723,slat9r9,['hugodecrypte'],1
55881402313,julienflot8,['hugodecrypte'],1
53563417733,samirrabei,['hugodecrypte'],1
66326164024,caroline._.becker74,['hugodecrypte'],1
26064443712,_antoine_lzu,['hugodecrypte'],1
66491186573,lolayl1401,['hugodecrypte'],1
8277512615,noah_ttnr,['hugodecrypte'],1
44281616933,christiane.b44,['hugodecrypte'],1
58294468371,evan_ker,['hugodecrypte'],1
7411771306,vanessa_lesny,['hugodecrypte'],1
56717999685,gabriel__hbn,['hugodecrypte'],1
14703559006,noa_rgb,['hugodecrypte'],1
2206243055,penninette,['hugodecrypte'],1
7211283299,88claudine88,['hugodecrypte'],1
2020933964,assya_bnm,['hugodecrypte'],1
66354632268,restez_scotches,['hugodecrypte'],1
1907904029,simaa.imani,['hugodecrypte'],1
2909027524,nathaliesaintlaurentmarsoo,['hugodecrypte'],1
1397442695,sophiedewarren,['hugodecrypte'],1
1278682787,amandiine.thy,['hugodecrypte'],1
4828833119,amandibibi,['hugodecrypte'],1
31996892512,personne_val,['hugodecrypte'],1
66311386209,yapale8591,['hugodecrypte'],1
202905364,syntaxdot,['hugodecrypte'],1
66149348976,c3r_ne,['hugodecrypte'],1
40008476636,stephane.girault,['hugodecrypte'],1
51444372825,jxco.arg,['hugodecrypte'],1
7188509669,griseldajeunet,['hugodecrypte'],1
64003912912,_m.21122,['hugodecrypte'],1
63199242208,sibylle_vt,['hugodecrypte'],1
40717874708,fredprince04,['hugodecrypte'],1
1440282005,guillemsabatierlizana,['hugodecrypte'],1
59652392393,camus8214,['hugodecrypte'],1
53200050976,irregular_squad,['hugodecrypte'],1
62668316955,hugomahe0907,['hugodecrypte'],1
56693700553,dodogili74,['hugodecrypte'],1
66489242722,linda_140_39,['hugodecrypte'],1
33467458912,celinechococoeur,['hugodecrypte'],1
61404768393,norrisanais4,['hugodecrypte'],1
61499602615,orianefeder,['hugodecrypte'],1
3014728607,jaleita88,['hugodecrypte'],1
53628201715,lucie.270812,['hugodecrypte'],1
65843500567,louis_fun44,['hugodecrypte'],1
44052567907,lyesdzwom,['hugodecrypte'],1
58528533519,roro_0804,['hugodecrypte'],1
5877019404,ayoub.ea7,['hugodecrypte'],1
46115416171,el_fada76,['hugodecrypte'],1
4272286154,lacuisine.istanbul,['hugodecrypte'],1
13332812851,4ednia,['hugodecrypte'],1
7333102823,khadija.azeroual.94,['hugodecrypte'],1
54587510037,mariemelo17,['hugodecrypte'],1
51895469991,rl_raphael,['hugodecrypte'],1
56664452528,go_ks_,['hugodecrypte'],1
47462006531,nath.nao.3,['hugodecrypte'],1
252622328,agustinabarberis,['hugodecrypte'],1
65954437041,soumia.cresp2024,['hugodecrypte'],1
66284687252,princessthenoob,['hugodecrypte'],1
13926810945,nadamasbouh,['hugodecrypte'],1
1455311829,emvcr,['hugodecrypte'],1
49292869151,lea_.dnrs,['hugodecrypte'],1
1049974454,valeriacrouzet,['hugodecrypte'],1
8489149379,cathe.mrn,['hugodecrypte'],1
39563828083,halima.oujaiou,['hugodecrypte'],1
38198938075,chaton_30_,['hugodecrypte'],1
52081799453,izsn.marie,['hugodecrypte'],1
47945835297,dav.perr,['hugodecrypte'],1
63919357606,juyteriye,['hugodecrypte'],1
65084034629,doua_meeh6,['hugodecrypte'],1
66492322485,youne.ss753,['hugodecrypte'],1
65357195279,sixtinegregoiresainte,['hugodecrypte'],1
5908244478,_keyshxaa_,['hugodecrypte'],1
502924224,tatia1980,['hugodecrypte'],1
5740657686,issy_pam_grs,['hugodecrypte'],1
4665430,jo.bosio,['hugodecrypte'],1
6748666664,anouckld,['hugodecrypte'],1
66510848022,kms8.4854,['hugodecrypte'],1
3107194767,vanessds31,['hugodecrypte'],1
1598751955,annetta.feron,['hugodecrypte'],1
55542206729,bouquet_2206,['hugodecrypte'],1
58111573350,emmawattez62,['hugodecrypte'],1
66498401855,dm75151,['hugodecrypte'],1
8032083341,pan_d_amy,['hugodecrypte'],1
66152333960,lena29109099,['hugodecrypte'],1
66335611474,pascalkimvidi,['hugodecrypte'],1
51982247940,maud_mge,['hugodecrypte'],1
4048479436,armandetetga19,['hugodecrypte'],1
61775975272,elise.enlt,['hugodecrypte'],1
56121815742,hamidi_antu,['hugodecrypte'],1
4503545522,sarahsahyouni,['hugodecrypte'],1
66366256754,lyanah.974,['hugodecrypte'],1
7299661584,luk_royer,['hugodecrypte'],1
2367937050,lucietom_onelife,['hugodecrypte'],1
2078376924,flodumon,['hugodecrypte'],1
185675334,emi_ako,['hugodecrypte'],1
66343634340,g.css063,['hugodecrypte'],1
2042145687,sarah_rmd,['hugodecrypte'],1
1733458155,amelie_turin,['hugodecrypte'],1
66375160063,daphne.brnd,['hugodecrypte'],1
65970131694,yout.ubelola,['hugodecrypte'],1
65972331384,maxou_ppu,['hugodecrypte'],1
57513916612,lau.maitre,['hugodecrypte'],1
48522671438,spam.lary2,['hugodecrypte'],1
65930637422,lucie_g942,['hugodecrypte'],1
59193302991,magicarpes1,['hugodecrypte'],1
58338981793,ines_120710,['hugodecrypte'],1
45643460563,amymatthews.xx,['hugodecrypte'],1
248330187,victoria_mlca,['hugodecrypte'],1
59117599882,joris_nb,['hugodecrypte'],1
6808235484,fgboulanger,['hugodecrypte'],1
9247921388,king_jim4,['hugodecrypte'],1
66341217854,virginie_witmord,['hugodecrypte'],1
52283381389,sk.hlya,['hugodecrypte'],1
1072759660,emmalecluse,['hugodecrypte'],1
829778192,ninjafamili,['hugodecrypte'],1
66155819709,mat.chi_ado,['hugodecrypte'],1
54165804985,7batz_r3msy,['hugodecrypte'],1
66257131172,vertecroix,['hugodecrypte'],1
64876897722,ilan_juste,['hugodecrypte'],1
6474900506,framboise_flajo,['hugodecrypte'],1
1750197473,misstiki_thaesha,['hugodecrypte'],1
47654058,malgooo,['hugodecrypte'],1
55053410821,irene.arfx,['hugodecrypte'],1
66140991258,charifanfaita,['hugodecrypte'],1
66512960698,ufw0p,['hugodecrypte'],1
9927730861,__enzo.hlt,['hugodecrypte'],1
66334635170,lnaan_aa,['hugodecrypte'],1
55460862685,ab_x_ch,['hugodecrypte'],1
39410915987,erwannmeziane,['hugodecrypte'],1
63486319258,kyx090,['hugodecrypte'],1
66291206921,antotovb,['hugodecrypte'],1
1365272270,alyssa.bai,['hugodecrypte'],1
65969379638,marg_pcto,['hugodecrypte'],1
48998666384,lazen.6.2,['hugodecrypte'],1
65935930780,yannj_br,['hugodecrypte'],1
17384570897,sara_dje0,['hugodecrypte'],1
349474104,juju_rsstt,['hugodecrypte'],1
32966005562,gastonschofer,['hugodecrypte'],1
49749320272,mme_zakia_ams,['hugodecrypte'],1
8579292525,anna_cko_,['hugodecrypte'],1
66139847095,levrainino9,['hugodecrypte'],1
66135248976,eve.carignan_,['hugodecrypte'],1
1283501730,alexame92,['hugodecrypte'],1
64044560967,mneee09,['hugodecrypte'],1
6460754089,blt.lola,['hugodecrypte'],1
5741698912,kq_quero,['hugodecrypte'],1
57453178779,ines.jisung,['hugodecrypte'],1
191265333,minajoseph,['hugodecrypte'],1
39874181942,rh.elo,['hugodecrypte'],1
66319793735,pommebicolore,['hugodecrypte'],1
61883614395,mimi._.cr.a,['hugodecrypte'],1
54096572260,anna._.p26,['hugodecrypte'],1
66330307115,s.leclerc16,['hugodecrypte'],1
66356617299,asssq75_,['hugodecrypte'],1
63154235247,1ilou.fl,['hugodecrypte'],1
2117372003,maudegffr,['hugodecrypte'],1
17384783918,sacha_698,['hugodecrypte'],1
37015871528,nathan_2752_,['hugodecrypte'],1
4488526851,max_herve,['hugodecrypte'],1
51728682196,rojysl,['hugodecrypte'],1
59435307994,la_franch_joijo,['hugodecrypte'],1
5838878397,yaaann.g,['hugodecrypte'],1
50249421114,manon.lamm,['hugodecrypte'],1
65960561387,sach_spam034,['hugodecrypte'],1
66154908352,miangalyfitahiana,['hugodecrypte'],1
3236645228,eliise_robert,['hugodecrypte'],1
66314386463,louka.dsb,['hugodecrypte'],1
7873729704,romanadlr,['hugodecrypte'],1
66313444981,francoisagave,['hugodecrypte'],1
49952808414,iteissier29,['hugodecrypte'],1
66114383271,gigardezlarissa,['hugodecrypte'],1
56927249525,katetkat2a,['hugodecrypte'],1
61389228158,to.albfab00,['hugodecrypte'],1
66353377077,svend_by,['hugodecrypte'],1
51802312714,mathis_.eln,['hugodecrypte'],1
58825727932,nathy.vlbnn,['hugodecrypte'],1
7007491498,utilisateurinconnu.__,['hugodecrypte'],1
8355225117,laa_piireee,['hugodecrypte'],1
6611355111,vvirgi3,['hugodecrypte'],1
66282567856,juliabernardlapierre,['hugodecrypte'],1
63947478430,mat.p99,['hugodecrypte'],1
62168449816,leana.mart1,['hugodecrypte'],1
66492898507,sach.achonavel2024,['hugodecrypte'],1
53613378176,karlito_azd,['hugodecrypte'],1
66332683333,neskoprime1et11,['hugodecrypte'],1
1079685016,clo.emma,['hugodecrypte'],1
66119407722,instend333,['hugodecrypte'],1
50428926342,anaisriu,['hugodecrypte'],1
66262189502,cl_4412,['hugodecrypte'],1
65413040017,justine.xyw,['hugodecrypte'],1
64746178990,delucaallex,['hugodecrypte'],1
7895953643,sabrinaalcena,['hugodecrypte'],1
1300538644,hodaifa_bk,['hugodecrypte'],1
3267376958,uzumaki_bagheera,['hugodecrypte'],1
58044969709,f_at_im_a_76,['hugodecrypte'],1
65937233598,jule.s6806,['hugodecrypte'],1
917338936,lucyintheskywithdiamond,['hugodecrypte'],1
574758921,thisiscastel,['hugodecrypte'],1
6098219387,s4ndros,['hugodecrypte'],1
52685701776,mandygdd,['hugodecrypte'],1
3648408216,redha_chr,['hugodecrypte'],1
1294222824,ondeviolette,['hugodecrypte'],1
2207655020,thomss.glt,['hugodecrypte'],1
61940856618,tinaigvng,['hugodecrypte'],1
7761496534,kaly_dp,['hugodecrypte'],1
5474520739,_juju_30,['hugodecrypte'],1
51812883954,christinelatournerie,['hugodecrypte'],1
49583370349,noe_isler,['hugodecrypte'],1
62721343495,2ko.44,['hugodecrypte'],1
6287087715,theli0_fave,['hugodecrypte'],1
